"famid";"pid";"snp1";"snp2";"snp3";"snp4";"snp5";"snp6";"snp7";"snp8";"snp9";"snp10"
10001;1;0;0;1;1;1;1;0;0;0;0
10001;2;0;2;0;0;2;0;0;0;0;0
10001;3;0;1;1;1;1;1;0;0;0;0
10002;1;0;0;2;2;0;2;0;0;0;1
10002;2;0;2;0;0;2;0;0;0;0;0
10002;3;0;1;1;1;1;1;0;0;0;0
10003;1;0;0;0;0;1;0;0;0;0;0
10003;2;0;0;1;1;0;1;0;0;0;0
10003;3;0;0;0;0;0;0;0;0;0;0
10004;1;1;0;1;1;0;1;0;0;0;1
10004;2;0;0;2;2;0;2;0;0;0;0
10004;3;0;0;1;1;0;1;0;0;0;0
10005;1;0;0;1;1;0;1;0;0;0;0
10005;2;0;1;0;0;2;0;0;0;0;0
10005;3;0;0;1;1;1;1;0;0;0;0
10006;1;1;0;2;2;0;2;0;0;0;0
10006;2;1;0;1;1;0;1;1;1;1;1
10006;3;1;0;2;2;0;2;0;0;0;1
10007;1;1;1;1;1;1;1;0;0;0;0
10007;2;0;0;1;1;0;1;0;0;0;1
10007;3;1;0;1;1;0;1;0;0;0;1
10008;1;0;0;1;1;1;1;0;0;0;1
10008;2;0;0;1;1;1;1;0;0;0;2
10008;3;0;0;1;1;1;1;0;0;0;1
10009;1;0;0;1;1;1;1;0;0;0;2
10009;2;0;0;0;0;1;0;0;0;0;1
10009;3;0;0;0;0;1;0;0;0;0;2
10010;1;0;0;0;0;0;0;0;0;0;2
10010;2;0;1;0;0;1;0;0;0;0;0
10010;3;0;0;0;0;0;0;0;0;0;1
10011;1;0;1;0;0;1;0;0;0;0;1
10011;2;0;0;0;0;1;0;1;1;1;0
10011;3;0;0;0;0;0;0;1;1;1;0
10012;1;0;1;1;1;1;1;0;0;0;0
10012;2;0;0;1;1;1;1;0;0;0;0
10012;3;0;0;2;2;0;2;0;0;0;0
10013;1;0;1;1;1;1;1;0;0;0;0
10013;2;0;0;2;2;0;2;0;0;0;0
10013;3;0;0;2;2;0;2;0;0;0;0
10014;1;0;0;1;1;0;1;0;0;0;1
10014;2;0;0;0;0;1;0;1;1;1;0
10014;3;0;0;1;1;0;1;1;1;1;1
10015;1;0;0;0;0;0;0;0;0;0;0
10015;2;0;0;0;0;1;0;0;0;0;0
10015;3;0;0;0;0;1;0;0;0;0;0
10016;1;0;0;0;0;1;0;0;0;0;1
10016;2;1;0;1;1;0;1;0;0;0;1
10016;3;1;0;1;1;1;1;0;0;0;0
10017;1;1;0;1;1;0;1;1;1;0;1
10017;2;0;0;0;0;0;0;0;0;0;1
10017;3;1;0;1;1;0;1;1;1;0;0
10018;1;0;0;0;0;1;0;0;0;0;2
10018;2;0;0;0;0;0;0;0;0;0;1
10018;3;0;0;0;0;0;0;0;0;0;2
10019;1;0;0;1;1;0;1;1;1;1;0
10019;2;0;0;1;1;0;1;0;0;0;0
10019;3;0;0;0;0;0;0;0;0;0;0
10020;1;1;0;1;1;0;1;0;0;0;0
10020;2;0;0;1;1;1;1;0;0;0;0
10020;3;0;0;0;0;1;0;0;0;0;0
10021;1;0;0;0;0;1;0;0;0;0;1
10021;2;0;1;0;0;1;0;0;0;0;0
10021;3;0;1;0;0;2;0;0;0;0;0
10022;1;0;0;1;1;0;1;0;0;0;1
10022;2;0;0;0;0;0;0;0;0;0;0
10022;3;0;0;1;1;0;1;0;0;0;1
10023;1;0;0;0;0;1;0;0;0;0;2
10023;2;1;0;2;2;0;2;0;0;0;0
10023;3;0;0;1;1;1;1;0;0;0;1
10024;1;0;1;1;1;1;1;0;0;0;1
10024;2;0;0;0;0;1;0;0;0;0;1
10024;3;0;0;1;1;1;1;0;0;0;1
10025;1;1;0;1;1;0;1;0;0;0;2
10025;2;1;0;2;2;0;2;0;0;0;0
10025;3;2;0;2;2;0;2;0;0;0;1
10026;1;0;0;1;1;0;1;0;0;0;0
10026;2;1;0;1;1;1;1;0;0;0;1
10026;3;1;0;2;2;0;2;0;0;0;1
10027;1;0;0;0;0;1;0;0;0;0;2
10027;2;1;0;1;1;1;1;0;0;0;1
10027;3;1;0;1;1;0;1;0;0;0;1
10028;1;0;0;1;1;0;1;0;0;0;0
10028;2;0;0;1;1;1;1;0;0;0;0
10028;3;0;0;0;0;1;0;0;0;0;0
10029;1;0;0;0;0;1;0;0;0;0;0
10029;2;1;0;2;2;0;2;0;0;0;0
10029;3;1;0;1;1;1;1;0;0;0;0
10030;1;0;0;0;0;2;0;0;0;0;1
10030;2;1;0;1;1;0;1;0;0;0;1
10030;3;0;0;0;0;1;0;0;0;0;2
10031;1;0;0;0;0;2;0;0;0;0;0
10031;2;0;1;0;0;1;0;0;0;0;1
10031;3;0;1;0;0;2;0;0;0;0;1
10032;1;0;0;0;0;0;0;0;0;0;1
10032;2;0;1;1;1;1;1;0;0;0;1
10032;3;0;1;0;0;1;0;0;0;0;1
10033;1;1;0;1;1;0;1;0;0;0;0
10033;2;0;0;1;1;1;1;0;0;0;1
10033;3;1;0;1;1;1;1;0;0;0;1
10034;1;0;1;0;0;1;0;0;0;0;1
10034;2;0;1;0;0;1;0;0;0;0;1
10034;3;0;2;0;0;2;0;0;0;0;2
10035;1;0;1;0;0;1;0;0;0;0;0
10035;2;0;0;0;0;0;0;0;0;0;0
10035;3;0;1;0;0;1;0;0;0;0;0
10036;1;0;0;0;0;1;0;0;0;1;0
10036;2;0;1;1;1;1;1;0;0;0;0
10036;3;0;0;1;1;0;1;0;0;1;0
10037;1;1;0;1;1;0;1;0;0;0;0
10037;2;0;0;0;0;1;0;0;0;0;1
10037;3;1;0;1;1;0;1;0;0;0;1
10038;1;0;0;1;1;1;1;0;0;0;0
10038;2;0;0;0;0;0;0;1;1;1;1
10038;3;0;0;1;1;0;1;0;0;0;1
10039;1;1;0;1;1;1;1;0;0;0;0
10039;2;1;0;2;2;0;2;0;0;1;0
10039;3;0;0;1;1;1;1;0;0;1;0
10040;1;0;0;0;0;1;0;0;0;0;2
10040;2;1;0;1;1;1;1;1;1;1;0
10040;3;0;0;0;0;2;0;1;1;1;1
10041;1;0;0;1;1;1;1;0;0;0;1
10041;2;0;1;0;0;2;0;0;0;0;0
10041;3;0;0;1;1;1;1;0;0;0;0
10042;1;0;1;1;1;1;1;0;0;0;1
10042;2;0;1;0;0;2;0;0;0;0;0
10042;3;0;0;1;1;1;1;0;0;0;0
10043;1;0;0;1;1;0;1;0;0;0;0
10043;2;1;1;1;1;1;1;0;0;0;0
10043;3;0;1;0;0;1;0;0;0;0;0
10044;1;0;0;0;0;0;0;0;0;0;1
10044;2;0;0;1;1;0;1;0;0;0;1
10044;3;0;0;0;0;0;0;0;0;0;1
10045;1;0;0;0;0;1;0;0;0;0;1
10045;2;0;0;0;0;0;0;1;1;1;1
10045;3;0;0;0;0;0;0;1;1;1;0
10046;1;0;0;0;0;1;0;0;0;0;0
10046;2;0;1;0;0;2;0;0;0;0;0
10046;3;0;1;0;0;1;0;0;0;0;0
10047;1;0;0;0;0;1;0;0;0;0;1
10047;2;1;0;1;1;0;1;0;0;0;0
10047;3;0;0;0;0;1;0;0;0;0;0
10048;1;0;0;0;0;1;0;0;0;0;0
10048;2;1;1;1;1;1;1;0;0;0;1
10048;3;0;1;0;0;2;0;0;0;0;1
10049;1;0;1;0;0;2;0;0;0;0;0
10049;2;0;0;1;1;0;1;0;0;0;0
10049;3;0;0;1;1;1;1;0;0;0;0
10050;1;0;1;0;0;2;0;0;0;0;0
10050;2;0;0;1;1;0;1;0;0;0;0
10050;3;0;1;0;0;1;0;0;0;0;0
10051;1;0;1;0;0;1;0;0;0;0;2
10051;2;0;0;2;2;0;2;0;0;0;0
10051;3;0;1;1;1;1;1;0;0;0;1
10052;1;1;0;1;1;0;1;0;0;0;1
10052;2;0;0;2;2;0;2;0;0;0;0
10052;3;0;0;1;1;0;1;0;0;0;1
10053;1;1;0;2;2;0;2;0;0;0;0
10053;2;0;0;0;0;2;0;0;0;0;0
10053;3;1;0;1;1;1;1;0;0;0;0
10054;1;0;0;1;1;1;1;0;0;0;1
10054;2;0;0;0;0;1;0;0;0;0;1
10054;3;0;0;1;1;0;1;0;0;0;2
10055;1;0;0;0;0;0;0;0;0;0;0
10055;2;1;0;1;1;1;1;0;0;0;0
10055;3;1;0;1;1;0;1;0;0;0;0
10056;1;1;0;1;1;1;1;0;0;0;1
10056;2;0;0;0;0;0;0;0;0;0;1
10056;3;0;0;0;0;1;0;0;0;0;0
10057;1;0;0;0;0;0;0;0;0;0;1
10057;2;0;0;1;1;0;1;0;0;0;1
10057;3;0;0;0;0;0;0;0;0;0;0
10058;1;0;0;0;0;1;0;0;0;0;0
10058;2;1;1;1;1;1;1;0;0;0;1
10058;3;0;1;0;0;2;0;0;0;0;0
10059;1;1;0;1;1;1;1;0;0;0;0
10059;2;0;0;0;0;2;0;0;0;0;0
10059;3;1;0;1;1;1;1;0;0;0;0
10060;1;0;0;0;0;2;0;0;0;0;1
10060;2;0;0;0;0;1;0;0;0;0;0
10060;3;0;0;0;0;1;0;0;0;0;1
10061;1;1;0;1;1;0;1;0;0;0;0
10061;2;1;1;1;1;1;1;0;0;0;0
10061;3;1;1;1;1;1;1;0;0;0;0
10062;1;2;0;2;2;0;2;0;0;0;0
10062;2;0;0;0;0;1;0;0;0;0;2
10062;3;1;0;1;1;1;1;0;0;0;1
10063;1;0;0;1;1;0;1;0;0;0;0
10063;2;2;0;2;2;0;2;0;0;0;2
10063;3;1;0;1;1;0;1;0;0;0;1
10064;1;1;0;2;2;0;2;0;0;0;1
10064;2;1;0;1;1;1;1;1;1;1;0
10064;3;1;0;1;1;1;1;1;1;1;0
10065;1;1;0;2;2;0;2;0;0;0;0
10065;2;0;0;1;1;0;0;0;1;0;0
10065;3;0;0;2;2;0;1;0;1;0;0
10066;1;0;0;0;2;0;0;0;0;0;1
10066;2;0;0;0;0;1;0;0;0;0;1
10066;3;0;0;0;1;0;0;0;0;0;1
10067;1;1;0;1;1;1;1;0;0;0;0
10067;2;1;0;1;1;0;1;0;0;0;1
10067;3;0;0;0;0;1;0;0;0;0;0
10068;1;0;0;0;0;0;0;0;0;0;0
10068;2;0;2;0;0;2;0;0;0;0;0
10068;3;0;1;0;0;1;0;0;0;0;0
10069;1;0;0;0;0;1;0;0;0;0;1
10069;2;1;0;1;1;0;1;0;0;0;0
10069;3;0;0;0;0;1;0;0;0;0;0
10070;1;0;0;0;0;1;0;0;0;0;1
10070;2;1;0;1;1;0;1;0;0;0;0
10070;3;1;0;1;1;1;1;0;0;0;1
10071;1;0;0;2;2;0;2;0;0;0;0
10071;2;2;0;2;2;0;2;1;1;1;0
10071;3;1;0;2;2;0;2;0;0;0;0
10072;1;1;0;2;2;0;2;0;0;0;1
10072;2;2;0;2;2;0;2;1;1;1;0
10072;3;2;0;2;2;0;2;0;0;0;0
10073;1;0;0;0;0;1;0;0;0;0;0
10073;2;0;0;0;0;1;0;0;0;0;0
10073;3;0;0;0;0;1;0;0;0;0;0
10074;1;0;0;1;1;1;1;1;1;1;0
10074;2;1;0;1;1;0;1;0;0;0;0
10074;3;1;0;1;1;1;1;1;1;1;0
10075;1;1;0;1;1;0;1;0;0;0;1
10075;2;0;0;1;1;0;1;0;0;0;1
10075;3;1;0;1;1;0;1;0;0;0;0
10076;1;1;0;1;1;1;1;0;0;0;0
10076;2;0;0;0;0;2;0;0;0;0;1
10076;3;0;0;0;0;2;0;0;0;0;0
10077;1;0;1;0;0;2;0;0;0;0;0
10077;2;0;0;0;0;1;0;1;1;1;1
10077;3;0;0;0;0;2;0;1;1;1;0
10078;1;2;0;2;2;0;2;0;0;0;0
10078;2;1;1;1;1;1;1;0;0;0;1
10078;3;2;0;2;2;0;2;0;0;0;0
10079;1;0;0;0;0;0;0;0;0;0;1
10079;2;2;0;2;2;0;2;0;0;0;0
10079;3;1;0;1;1;0;1;0;0;0;1
10080;1;0;0;0;0;0;0;0;0;0;1
10080;2;1;1;1;1;1;1;1;1;1;0
10080;3;0;1;0;0;1;0;1;1;1;1
10081;1;0;0;0;0;1;0;1;1;1;0
10081;2;1;0;1;1;0;1;0;0;0;1
10081;3;0;0;0;0;1;0;1;1;1;1
10082;1;0;0;0;0;1;0;0;0;0;1
10082;2;0;0;1;1;0;1;0;0;0;1
10082;3;0;0;0;0;0;0;0;0;0;0
10083;1;1;1;1;1;1;1;0;0;0;1
10083;2;1;0;2;2;0;2;0;0;1;0
10083;3;0;1;1;1;1;1;0;0;1;0
10084;1;0;0;1;1;0;1;0;0;0;0
10084;2;0;0;0;0;1;0;0;0;0;2
10084;3;0;0;0;0;0;0;0;0;0;1
10085;1;1;0;1;1;0;1;1;1;1;0
10085;2;1;0;1;1;0;1;0;0;0;0
10085;3;1;0;1;1;0;1;1;1;1;0
10086;1;1;0;1;1;0;1;0;0;0;0
10086;2;1;0;1;1;0;1;0;0;0;0
10086;3;0;0;0;0;0;0;0;0;0;0
10087;1;1;0;1;1;0;1;0;0;0;0
10087;2;1;0;1;1;0;1;0;0;0;0
10087;3;2;0;2;2;0;2;0;0;0;0
10088;1;0;0;1;1;0;1;0;0;0;0
10088;2;0;0;1;1;0;1;0;0;0;1
10088;3;0;0;0;0;0;0;0;0;0;0
10089;1;0;0;0;0;1;0;0;0;0;1
10089;2;1;0;1;1;0;1;1;1;1;0
10089;3;1;0;1;1;0;1;0;0;0;0
10090;1;0;0;0;0;0;0;0;0;0;0
10090;2;0;0;1;1;0;1;0;0;0;1
10090;3;0;0;1;1;0;1;0;0;0;1
10091;1;0;0;1;1;1;1;0;0;0;1
10091;2;1;0;1;1;1;1;0;0;0;0
10091;3;1;0;1;1;1;1;0;0;0;0
10092;1;1;0;1;1;1;1;0;0;0;0
10092;2;1;0;1;1;0;1;0;0;0;2
10092;3;1;0;1;1;0;1;0;0;0;1
10093;1;1;0;2;2;0;2;0;0;0;0
10093;2;1;0;2;2;0;2;0;0;0;1
10093;3;1;0;2;2;0;2;0;0;0;0
10094;1;0;0;1;1;0;1;0;0;0;0
10094;2;1;0;1;1;0;1;0;0;0;0
10094;3;1;0;2;2;0;2;0;0;0;0
10095;1;0;0;0;0;0;0;0;0;0;1
10095;2;1;0;1;1;0;1;0;0;0;0
10095;3;0;0;0;0;0;0;0;0;0;0
10096;1;0;0;0;0;0;0;0;0;0;0
10096;2;1;0;1;1;1;1;0;0;0;0
10096;3;1;0;1;1;0;1;0;0;0;0
10097;1;0;1;0;0;2;0;0;0;0;0
10097;2;0;1;1;1;1;1;0;0;0;0
10097;3;0;1;0;0;2;0;0;0;0;0
10098;1;0;0;1;1;0;1;0;0;0;1
10098;2;1;0;1;1;0;1;1;1;1;0
10098;3;1;0;1;1;0;1;1;1;1;1
10099;1;0;0;1;1;1;1;0;0;0;0
10099;2;1;0;2;2;0;2;1;1;1;0
10099;3;1;0;1;1;1;1;1;1;1;0
10100;1;0;1;0;0;2;0;0;0;0;0
10100;2;1;0;1;1;0;1;1;1;1;1
10100;3;0;0;0;0;1;0;0;0;0;1
